title,release_date,duration_ms,duration_min,ology,smologies,encore,part_2,branch,primary,secondary,,,
Theoretical & Creative Ecology (SCIENCE & ECOPOETRY) with Madhur Anand,2/7/2024,3423791,57.06,Ecology,0,0,0,FNS,Art,Biology,,,
Smologies #37: PROTEINS + DNA with Raven “The Science Maven” Baxter,2/3/2024,1523800,25.40,NA,1,0,0,FAS,Biology,Chemistry,,,
Evolutionary Anthropology (METABOLISM) with Herman Pontzer,1/31/2024,5058324,84.31,Anthropology,0,0,0,FSS,Anthropology,Biology,,,
Carcinology (CRABS) Part 2 with Adam Wall,1/24/2024,3052826,50.88,Carcinology,0,0,1,FNS,Biology,NA,,,
Smologies #36: FEATHERS with Allison Shultz,1/20/2024,1534746,25.58,NA,1,0,0,FNS,Biology,NA,,,FFS
Carcinology (CRABS) Part 1 with Adam Wall,1/16/2024,4087431,68.12,Carcinology,0,0,0,FNS,Biology,NA,,,FNS
Ethnoecology (ETHNOBOTANY/NATIVE PLANTS) with Leigh Joseph,1/9/2024,4767425,79.46,Ethnoecology,0,0,0,FSS,Anthropology,Biology,,,FSS
Smologies #35: COMPUTER PROGRAMMING with Iddris Sandu,1/4/2024,1505619,25.09,NA,1,0,0,AFS,Computer science,NA,,,AFS
Alieology (YOUR HOST): an Ask-Me-Anything Goofy Hang,12/27/2023,6462693,107.71,Alieology,0,0,0,NA,NA,NA,,,ANS
Smologies #34: PENGUINS with Tom Hart,12/23/2023,1506246,25.10,NA,1,0,0,FNS,Biology,NA,,,ASS
Lemurology (LEMURS) with Lydia Greene,12/20/2023,4563173,76.05,Lemurology,0,0,0,FNS,Biology,NA,,,
Quasithanatology (NEAR-DEATH EXPERIENCES) with Bruce Greyson,12/13/2023,5287340,88.12,Quasithanatology,0,0,0,FSS,Psychology,Biology,,,
Smologies #33: SCORPIONS with Lauren Esposito,12/11/2023,1525472,25.42,NA,1,0,0,FNS,Biology,NA,,,
Syndesiology (CONNECTIONS) with James Burke,12/6/2023,3054236,50.90,Syndesiology,0,0,0,FSS,Sociology,NA,,,
Audiobook Mixtape 3: Gift Ideas from the Ologists’ Brains,11/29/2023,4891506,81.53,NA,0,0,0,NA,NA,NA,,,
Smologies #32: CLOUDS with Rachel Storer,11/25/2023,1526021,25.43,NA,1,0,0,FNS,Earth science,NA,,,
"Abstract Mathematology (UH, IS MATH REAL?) with Eugenia Cheng",11/22/2023,4637753,77.30,Mathematology,0,0,0,FFS,Pure mathematics,NA,,,
Road Ecology (ROAD KILL) with Ben Goldfarb,11/15/2023,5052760,84.21,Ecology,0,0,0,FSS,Anthropology,Biology,,,
Smologies #31: INDIGENOUS COOKING with Mariah Gladstone,11/11/2023,1487412,24.79,NA,1,0,0,ANS,Anthropology,NA,,,
Garology (LONG CUTE ANCIENT PATIENT BOOPABLE NIGHTMARE FISH) Encore for GAR WEEK with Solomon David,11/8/2023,4515369,75.26,Garology,0,1,0,FNS,Biology,NA,,,
Neuroparasitology (NATURE ZOMBIES) with Matt Simon,11/1/2023,4929724,82.16,Neuroparasitology,0,0,0,FNS,Biology,Sociology,,,
Smologies #30: SPIDERWEBS with Randy Lewis,10/30/2023,1510739,25.18,NA,1,0,0,FNS,Biology,NA,,,
Teratology (MONSTERS) with W. Scott Poole,10/26/2023,5734948,95.58,Teratology,0,0,0,FSS,Psychology,NA,,,
Pomology (APPLES) with Susan K. Brown,10/18/2023,5461394,91.02,Pomology,0,0,0,FNS,Biology,Agricultural science,,,
Smologies #29: PUMPKINS with Anne Copeland,10/14/2023,1519568,25.33,NA,1,0,0,FNS,Agricultural science,Biology,,,
Witchology (WITCHES & WITCHCRAFT) Part 2 with Fio Gede Parma,10/11/2023,3966432,66.11,Witchology,0,0,1,FSS,Sociology,Anthropology,,,
Witchology (WITCHES & WITCHCRAFT) Part 1 with Fio Gede Parma,10/4/2023,3068029,51.13,Witchology,0,0,0,FSS,Sociology,Anthropology,,,
Smologies #28: AGING with Caleb Finch,9/30/2023,1184000,19.73,NA,1,0,0,FNS,Biology,NA,,,
Benthopelagic Nematology (DEEP SEA WORMS) with Holly Bik,9/27/2023,4528875,75.48,Nematology,0,0,0,FNS,Biology,NA,,,
Gustology (TASTE) with Gary Beauchamp,9/20/2023,4225071,70.42,Gustology,0,0,0,FNS,Biology,NA,,,
Cosmology (THE UNIVERSE) Part 2 Encore with Katie Mack,9/12/2023,2334902,38.92,Cosmology,0,1,1,FNS,Astronomy,Physics,,,
Smologies #27: MARS with Jennifer Buz,9/8/2023,1311764,21.86,NA,1,0,0,FNS,Astronomy,Earth science,,,
Cosmology (THE UNIVERSE) Part 1 Encore with Katie Mack,9/5/2023,5620845,93.68,Cosmology,0,1,0,FNS,Astronomy,Physics,,,
LIFE ADVICE Encore: For anyone who is tired & needs some hacks,8/29/2023,2851108,47.52,NA,0,1,0,NA,NA,NA,,,
Smologies #26: POOP with Rachel Santymire,8/25/2023,1334177,22.24,NA,1,0,0,ANS,Biology,Anthropology,,,
Etymology (WORD ORIGINS) Encore with Helen Zaltzman,8/22/2023,3969671,66.16,Etymology,0,1,0,FSS,Anthropology,NA,,,
Diabetology (BLOOD SUGAR) Part 2 Encore with Mike Natter,8/15/2023,4957074,82.62,Diabetology,0,1,1,ANS,Biology,Medicine,,,
Diabetology (BLOOD SUGAR) Part 1 Encore with Mike Natter,8/10/2023,3644891,60.75,Diabetology,0,1,0,ANS,Biology,Medicine,,,
Minisode: Dadward Takes a Break,8/10/2023,445596,7.43,NA,0,0,0,NA,NA,NA,,,
Neurotechnology (AI + BRAIN TECH) with Nita Farahany,8/2/2023,4754938,79.25,Neurotechnology,0,0,0,AFS,Computer science,Medicine,,,
Sciuridology (SQUIRRELS) with Karen Munroe,7/26/2023,5750439,95.84,Sciuridology,0,0,0,FNS,Biology,NA,,,
Molecular Neurobiology (BRAIN CHEMICALS) Encore with Crystal Dilworth,7/20/2023,5255915,87.60,Neurobiology,0,1,0,FNS,Biology,Chemistry,,,
Smologies #25: LIGHTNING with Chris Giesige,7/19/2023,1344365,22.41,NA,1,0,0,FNS,Earth science,Physics,,,
Curiology (EMOJI) Part 2 with Various Emoji Experts,7/12/2023,4307513,71.79,Curiology,0,0,1,FSS,Sociology,NA,,,
Curiology (EMOJI) Part 1 with Various Emoji Experts,7/6/2023,4697730,78.30,Curiology,0,0,0,FSS,Sociology,NA,,,
Field Trip: Birds of Prey and Raptor Facts,6/29/2023,5096280,84.94,NA,0,0,0,FNS,Biology,NA,,,
Smologies #24: SHIPWRECKS with Chanelle Zaphiropoulos,6/26/2023,1508022,25.13,NA,1,0,0,FSS,Anthropology,NA,,,
Native Melittology (INDIGENOUS BEES) with Krystle Hickman,6/22/2023,5271248,87.85,Melittology,0,0,0,FNS,Biology,NA,,,
Pectinidology (SCALLOPS) with Samantha Lynch,6/14/2023,5752372,95.87,Pectinidology,0,0,0,FNS,Biology,NA,,,
Smologies #23: MAMMALS with Danielle N. Lee,6/13/2023,1416751,23.61,NA,1,0,0,FNS,Biology,NA,,,
Fire Ecology (WILDFIRES & INDIGENOUS FIRE MANAGEMENT) Mega Encore with Gavin Jones & Amy Christianson,6/8/2023,8573283,142.89,Ecology,0,1,0,FSS,Anthropology,Agricultural science,,,
"Black American Magirology (FOOD, RACE & CULTURE) with Psyche Williams-Forson",5/31/2023,4377835,72.96,Magirology,0,0,0,FSS,Anthropology,Sociology,,,
Field Trip: A Hollywood Visit to the Writers Guild Strike Line,5/26/2023,4085263,68.09,NA,0,0,0,ASS,Jurisprudence,Sociology,,,
Acaropathology (TICKS & LYME DISEASE) Updated Mega Encore with Neeta Pardanani Connally & Andrea Swei,5/17/2023,9168274,152.80,Acaropathology,0,1,0,ANS,Biology,Medicine,,,
Invisible Photology (INVISIBILITY CLOAKS) with Greg Gbur,5/10/2023,4814080,80.23,Photology,0,0,0,ANS,Physics,NA,,,
Stem Cell Biology (CELLS MAKING CELLS) with “Science Sam” aka Samantha Yammine,5/3/2023,4775967,79.60,Biology,0,0,0,FNS,Biology,Medicine,,,
Smologies #22: REPTILES & AMPHIBIANS with David Steen,5/1/2023,1210226,20.17,NA,1,0,0,FNS,Biology,NA,,,
Delphinology Part 2 (DOLPHINS) with Justin Gregg,4/26/2023,3298063,54.97,Delphinology,0,0,1,FNS,Biology,NA,,,
Delphinology Part 1 (DOLPHINS) with Justin Gregg,4/19/2023,3816620,63.61,Delphinology,0,0,0,FNS,Biology,NA,,,
"Field Trip: My Butt, a Colonoscopy Ride Along & How-To",4/13/2023,2240522,37.34,NA,0,0,0,ANS,Medicine,NA,,,
Chickenology Part 2 (HENS & ROOSTERS) with Tove Danovich,4/5/2023,2739931,45.67,Chickenology,0,0,1,FNS,Biology,NA,,,
Chickenology Part 1 (HENS & ROOSTERS) with Tove Danovich,3/29/2023,4561789,76.03,Chickenology,0,0,0,FNS,Biology,NA,,,
Smologies #21: SLEEP with Chris Winter,3/28/2023,1726328,28.77,NA,1,0,0,ANS,Biology,Medicine,,,
"Domicology (ABANDONED BUILDINGS, RECYCLED HOUSES & GHOST TOWNS) with Rex LaMore",3/23/2023,5087738,84.80,Domicology,0,0,0,ASS,Anthropology,NA,,,
Chronobiology (CIRCADIAN RHYTHMS) Encore + 2023 Updates with Katherine Hatcher,3/14/2023,4633913,77.23,Chronobiology,0,1,0,FNS,Biology,Psychology,,,
Smologies #20: FISHES with Chris Thacker,3/14/2023,1345802,22.43,NA,1,0,0,FNS,Biology,NA,,,
Detroitology (DETROIT) with Aaron Foley,3/8/2023,3615111,60.25,Detroitology,0,0,0,ASS,Anthropology,Sociology,,,
Field Trip: An Airport Full of Neuroscientists,3/2/2023,3498866,58.31,NA,0,0,0,NA,NA,NA,,,
Environmental Toxicology (POISONS + TRAIN DERAILMENT)  with Kimberly K. Garrett,2/22/2023,4755121,79.25,Toxicology,0,0,0,FNS,Biology,Anthropology,,,
Melaninology (SKIN/HAIR PIGMENT) with Tina Lasisi,2/16/2023,5497312,91.62,Melaninology,0,0,0,FNS,Biology,NA,,,
Scotohylology (DARK MATTER) with Flip Tanedo,2/8/2023,4568111,76.14,Scotohylology,0,0,0,FNS,Physics,NA,,,
Laryngology Part 2 (VOICE BOXES) with Ronda Alexander,2/1/2023,3290618,54.84,Laryngology,0,0,1,FNS,Biology,Sociology,,,
Laryngology Part 1 (VOICE BOXES) Ronda Alexander,1/25/2023,3696848,61.61,Laryngology,0,0,0,FNS,Biology,Sociology,,,
Aperiology (MACRO PHOTOGRAPHY) Encore with Joseph Saunders,1/18/2023,5129717,85.50,Aperiology,0,1,0,ANS,Art,Biology,,,
Oneirology Part 2 (DREAMS) with G. William Domhoff,1/11/2023,5460819,91.01,Oneirology,0,0,1,FSS,Psychology,NA,,,
Oneirology Part 1 (DREAMS) with G. William Domhoff,1/4/2023,4480862,74.68,Oneirology,0,0,0,FSS,Psychology,NA,,,
"Bonus Episode: Secrets, Advice + Ask-Me-Anything",12/31/2022,3243598,54.06,NA,0,0,0,NA,NA,NA,,,
Smologies #19: EVOLUTION with John McCormack,12/29/2022,1345697,22.43,NA,1,0,0,FNS,Biology,NA,,,
P-22: The Life & Death of an L.A. Cougar with Miguel Ordeñana & Beth Pratt,12/23/2022,4967706,82.80,NA,0,0,0,FSS,Biology,Sociology,,,
Meteorology (WEATHER & CLIMATE) with Marshall Shepherd,12/14/2022,4336151,72.27,Meteorology,0,0,0,FNS,Earth science,NA,,,
Enigmatology (WORD PUZZLES) with David Kwong,12/6/2022,4244636,70.74,Enigmatology,0,0,0,FSS,Psychology,Art,,,
Special Ep: Mycology (MUSHROOMS) Tom Volk Memorial Encore,12/1/2022,4711056,78.52,Mycology,0,1,0,FNS,Biology,NA,,,
Indigenous Pedology (SOIL SCIENCE) with Lydia Jennings,11/23/2022,4385400,73.09,Pedology,0,0,0,FNS,Agricultural science,Anthropology,,,
Smologies #18: FEASTS with Katherine Spiers,11/22/2022,1353247,22.55,NA,1,0,0,FSS,Anthropology,Sociology,,,
Bryology (MOSS) Encore with Dr. Robin Wall Kimmerer,11/15/2022,4439016,73.98,Bryology,0,1,0,FNS,Biology,NA,,,
Discard Anthropology (GARBAGE) with Robin Nagle,11/9/2022,5363591,89.39,Anthropology,0,0,0,FSS,Anthropology,NA,,,
Smologies #17: FLAGS with E. Tory Laitila,11/8/2022,1366021,22.77,NA,1,0,0,FSS,Anthropology,Art,,,
Vampirology (VAMPIRES) Part 2 with Jeff Holdeman,10/31/2022,3642936,60.72,Vampirology,0,0,1,FSS,Psychology,Art,,,
Vampirology (VAMPIRES) Part 1 with Jeff Holdeman,10/26/2022,4126871,68.78,Vampirology,0,0,0,FSS,Psychology,Art,,,
Smologies #16: INSECTS with Lila Higgins,10/24/2022,1217671,20.29,NA,1,0,0,FNS,Biology,NA,,,
Metropolitan Tombology (PARIS CATACOMBS) with Erin-Marie Legacey,10/20/2022,4477511,74.63,Tombology,0,0,0,FSS,Anthropology,NA,,,
FIELD TRIP: I Go France and Learn Weird French Stuff,10/15/2022,1640071,27.33,NA,0,0,0,NA,NA,NA,,,
5th Anniversary Special! Xylology (LUMBER) with Jeff Perry,10/4/2022,4576608,76.28,Xylology,0,0,0,FNS,Agricultural science,Biology,,,
Geology (ROCKS) Part 2 with Schmitty Thompson,9/21/2022,2884391,48.07,Geology,0,0,1,FNS,Earth science,NA,,,
Smologies #15: FAMILY TREES with Stephen Hanks,9/21/2022,1145965,19.10,NA,1,0,0,ASS,Sociology,NA,,,
Geology (ROCKS) Part 1 with Schmitty Thompson,9/14/2022,3780120,63.00,Geology,0,0,0,FNS,Earth science,NA,,,
Oreamnology (MOUNTAIN GOATS ARE NOT GOATS) with Julie Cunningham,9/8/2022,3979680,66.33,Oreamnology,0,0,0,FNS,Biology,NA,,,
Diplopodology (MILLIPEDES & CENTIPEDES) with Dr. Derek Hennen,8/31/2022,4020191,67.00,Diplopodology,0,0,0,FNS,Biology,NA,,,
Critical Ecology (SOCIAL SYSTEMS + ENVIRONMENT) with Suzanne Pierre,8/23/2022,4525391,75.42,Ecology,0,0,0,FSS,Biology,Anthropology,,,
Thanatology — NEW Interview (GRIEF & MOURNING) with Cole Imperi + tips for Going Through It,8/16/2022,4148323,69.14,Thanatology,0,0,0,FSS,Psychology,Sociology,,,
Thanatology (DEATH & DYING) Updated Encore with Cole Imperi,8/10/2022,5402775,90.05,Thanatology,0,1,0,FNS,Psychology,Biology,,,
Cheloniology (SEA TURTLES) Encore with Camryn Allen,8/2/2022,5040023,84.00,Cheloniology,0,1,0,FNS,Biology,NA,,,
Testudinology (TORTOISES) Encore with Amanda Hipps,7/26/2022,4424254,73.74,Testudinology,0,1,0,FNS,Biology,NA,,,
Zymology (BEER) Encore with Quinton Sturgeon,7/21/2022,3301250,55.02,Zymology,0,1,0,ANS,Agricultural science,Chemistry,,,
Personality Psychology (PERSONALITIES) Encore with Simine Vazire,7/13/2022,4876826,81.28,Psychology,0,1,0,FSS,Psychology,NA,,,
Smologies #14: ALIENS with Kevin Peter Hand,7/13/2022,1332140,22.20,NA,1,0,0,FSS,Psychology,Sociology,,,
Lutrinology (OTTERS) with Chris J. Law,7/7/2022,3682440,61.37,Lutrinology,0,0,0,FNS,Biology,NA,,,
SUMMERSODE: Balmy Vibes & Seasonal Factoids with various Ologists,6/29/2022,6327040,105.45,NA,0,0,0,NA,NA,NA,,,
Smologies #13: CORALS with Shayle Matsuda,6/22/2022,1324773,22.08,NA,1,0,0,FNS,Biology,Anthropology,,,
Dipterology (FLIES) with Bryan Lessard,6/14/2022,4364423,72.74,Dipterology,0,0,0,FNS,Biology,NA,,,
Gorillaology (GORILLAS) with Tara Stoinski,6/9/2022,3845040,64.08,Gorillaology,0,0,0,FNS,Biology,NA,,,
Somnology (SLEEP) Part Two Encore with Dr. W. Chris Winter,6/2/2022,4244584,70.74,Somnology,0,1,0,FNS,Biology,Medicine,,,
Smologies #12: EATING BUGS with Julie Lesnik,6/1/2022,1362050,22.70,NA,1,0,0,FSS,Anthropology,Biology,,,
Somnology (SLEEP) Part One Encore with Dr. W. Chris Winter,5/26/2022,4557061,75.95,Somnology,0,1,0,FNS,Biology,Medicine,,,
Conotoxinology (CONE SNAIL VENOM) with Joshua Torres & Sabah Ul-Hasan,5/18/2022,3774876,62.91,Conotoxinology,0,0,0,FNS,Biology,Medicine,,,
Urology (CROTCH PARTS) with Fenwa Milhouse,5/12/2022,4685505,78.09,Urology,0,0,0,ANS,Medicine,Biology,,,
Acoustic Ecology (NATURE RECORDINGS) with Eddie Game,5/5/2022,3698285,61.64,Ecology,0,0,0,FNS,Biology,NA,,,
Classical Archaeology (ANCIENT ROME) Encore with Darius Arya,4/28/2022,4383947,73.07,Archaeology,0,1,0,FSS,Anthropology,NA,,,
Teuthology (SQUIDS) Encore with Dr. Sarah McAnulty,4/21/2022,3748911,62.48,Teuthology,0,1,0,FNS,Biology,NA,,,
Environmental Microbiology (TESTING WASTEWATER FOR DISEASES) with Amy Kirby,4/13/2022,3831928,63.87,Microbiology,0,0,0,ANS,Medicine,Biology,,,
Echinology (SEA URCHINS & SAND DOLLARS) with Rich Mooi,4/5/2022,5598458,93.31,Echinology,0,0,0,FNS,Biology,NA,,,
Carnivorous Phytobiology (MEAT-EATING PLANTS) with Hali’a Eastburn,3/30/2022,3994017,66.57,Phytobiology,0,0,0,FNS,Biology,NA,,,
LIFE ADVICE: For anyone who is tired & needs some hacks,3/22/2022,2943373,49.06,NA,0,0,0,NA,NA,NA,,,
Smologies #11: SNAILS & SLUGS with Jann Vendetti,3/16/2022,1721782,28.70,NA,1,0,0,FNS,Biology,NA,,,
Ferroequinology (TRAINS) Encore with Matt Anderson,3/9/2022,3862099,64.37,Ferroequinology,0,1,0,ANS,Engineering,Anthropology,,,
"Part 2: Attention-Deficit Neuropsychology (ADHD) with How to ADHD, Black Girl Lost Keys, Jahla Osborne + more",3/3/2022,5476884,91.28,Neuropsychology,0,0,1,ANS,Psychology,Medicine,,,
Part 1: Attention-Deficit Neuropsychology (ADHD) with Russell Barkley,2/23/2022,6050688,100.84,Neuropsychology,0,0,0,ANS,Psychology,Medicine,,,
Cycadology (RARE PLANT DRAMA) with Nathalie Nagalingum,2/16/2022,3491317,58.19,Cycadology,0,0,0,FNS,Biology,NA,,,
"Carnivore Ecology (LIONS, TIGERS, & BEARS) with Rae Wynn-Grant",2/9/2022,5654151,94.24,Ecology,0,0,0,FNS,Biology,NA,,,
Myrmecology (ANTS) Encore with Dr. Terry McGlynn,2/1/2022,4999680,83.33,Myrmecology,0,1,0,FNS,Biology,NA,,,
Smologies #10: BODY HEAT with Shane Campbell-Staton,2/1/2022,1798217,29.97,NA,1,0,0,FNS,Biology,Medicine,,,
Indigenous Cuisinology (NATIVE COOKING) with Mariah Gladstone of Indigikitchen,1/26/2022,5140793,85.68,Cuisinology,0,0,0,FSS,Anthropology,NA,,,
Screamology (LOUD VOCALIZATIONS) with Harold Gouzoules,1/20/2022,4590001,76.50,Screamology,0,0,0,FSS,Psychology,NA,,,
Bovine Neuropathology (HEADBUTTING) with Nicole Ackermans,1/13/2022,1957720,32.63,Neuropathology,0,0,0,FNS,Biology,NA,,,
Smologies #9: GAMING with Jane McGonigal,1/11/2022,1848006,30.80,NA,1,0,0,FSS,Psychology,Sociology,,,
Neuropathology (CONCUSSIONS) with Mary Alexis Iaccarino,1/5/2022,4312659,71.88,Neuropathology,0,0,0,ANS,Medicine,Biology,,,
Raccoonology (PROCYONIDS) with A Gaze of Raccoonologists,12/29/2021,1628029,27.13,Raccoonology,0,0,0,FNS,Biology,NA,,,
Procyonology (RACCOONS) with Suzanne MacDonald,12/22/2021,3824274,63.74,Procyonology,0,0,0,FNS,Biology,NA,,,
Smologies #8: HAGFISH with Tim Winegard,12/21/2021,1686961,28.12,NA,1,0,0,FNS,Biology,NA,,,
Genicular Traumatology (BAD KNEES) with Kevin Stone,12/16/2021,5289116,88.15,Traumatology,0,0,0,ANS,Medicine,NA,,,
Audiobook Mixtape 2: Gift Ideas from the Ologists’ Brains,12/10/2021,4257854,70.96,NA,0,0,0,NA,NA,NA,,,
Smologies #7: CATS with Mikel Delgado,12/7/2021,1741740,29.03,NA,1,0,0,FNS,Biology,Sociology,,,
Forensic Ecology (NATURE DETECTIVE) with Tiara Moore,11/30/2021,3428649,57.14,Ecology,0,0,0,ANS,Biology,NA,,,
Booster Coronasode: Shots & Holidays with Vaccine Infodemiologist Jessica Malaty Rivera,11/24/2021,3567986,59.47,NA,0,0,0,ANS,Medicine,NA,,,
Smologies #6: WOLVES with Bridgett vonHoldt,11/22/2021,1613688,26.89,NA,1,0,0,FNS,Biology,NA,,,
Tiktokology (THE TIKTOK APP) with Hank Green,11/17/2021,2598623,43.31,Tiktokology,0,0,0,FSS,Sociology,Psychology,,,
Dolorology (PAIN) with Rachel Zoffness,11/10/2021,5654439,94.24,Dolorology,0,0,0,ANS,Psychology,Biology,,,
"Teuthological Ludology (ACTUAL SQUID GAMES, NOT THE TV SHOW) with Sarah McAnulty",11/3/2021,3425783,57.10,Ludology,0,0,0,FNS,Biology,NA,,,
Smologies #5: VETERINARY BIOLOGY with Vernard Hodges & Terrence Ferguson,11/1/2021,1573943,26.23,BIOLOGY,1,0,0,ANS,Medicine,Biology,,,
Taphology (GRAVESITES) with Robyn S. Lacy,10/27/2021,3872976,64.55,Taphology,0,0,0,FSS,Anthropology,NA,,,
Kinetic Salticidology (DANCING SPIDERS) with Sebastian Echeverri,10/20/2021,4473288,74.55,Salticidology,0,0,0,FNS,Biology,NA,,,
Chiropterology Part 2 (BATS) Encore with Merlin Tuttle,10/12/2021,3738305,62.31,Chiropterology,0,1,1,FNS,Biology,NA,,,
Chiropterology (BATS) Encore with Merlin Tuttle,10/12/2021,6056751,100.95,Chiropterology,0,1,0,FNS,Biology,NA,,,
Corvid Thanatology (CROW FUNERALS) Encore with Kaeli Swift,10/5/2021,4353802,72.56,Thanatology,0,1,0,FNS,Biology,Sociology,,,
Pyrotechnology (FIREMAKING) with Ellery Frahm,9/28/2021,4509231,75.15,Pyrotechnology,0,0,0,FSS,Sociology,Psychology,,,
Opossumology (O/POSSUMS) with Lisa Walsh,9/21/2021,4019905,67.00,Opossumology,0,0,0,FNS,Biology,NA,,,
Ciderology (DELICIOUS APPLE BEVERAGE) with Gabe Cook,9/15/2021,4520437,75.34,Ciderology,0,0,0,ANS,Agricultural science,Art,,,
Eudemonology (HAPPINESS) with Laurie Santos,9/8/2021,4233195,70.55,Eudemonology,0,0,0,FSS,Psychology,Medicine,,,
Spesh Ep: Drawdown Design Project with C. Andrew Hall,9/1/2021,3633031,60.55,NA,0,0,0,NA,NA,NA,,,
Is Your Carbon Footprint BS?: How to Save a Planet takes over Ologies,8/24/2021,2819082,46.98,NA,0,0,0,ANS,Anthropology,Earth science,,,
Smologies #4: BEES with Amanda Shaw,8/23/2021,1515833,25.26,NA,1,0,0,FNS,Biology,NA,,,
Indigenous Fire Ecology (GOOD FIRE) with Amy Christianson,8/17/2021,3695229,61.59,Ecology,0,0,0,FSS,Agricultural science,Anthropology,,,
Fire Ecology (WILDFIRES) with Gavin Jones,8/10/2021,4610220,76.84,Ecology,0,0,0,FNS,Earth science,NA,,,
Smologies #3: TOADS with Priya Nanjappa,8/5/2021,1443578,24.06,NA,1,0,0,FNS,Biology,NA,,,
Systems Biology (MEDICAL MATHEMATICS) with Emily E. Ackerman,8/3/2021,3727386,62.12,Biology,0,0,0,AFS,Mathematics,Medicine,,,
Lampyridology (FIREFLIES) aka Sparklebuttology with Sara Lewis,7/27/2021,3843866,64.06,"Lampyridology', 'Sparklebuttology",0,0,0,FNS,Biology,NA,,,
Smologies #2: DINOSAURS with Paleontologist Michael Habib,7/20/2021,1162527,19.38,NA,1,0,0,FNS,Biology,NA,,,
Smologies #1: THE MOON with Selenologist Raquel Nuno,7/20/2021,1595846,26.60,NA,1,0,0,FNS,Astronomy,Anthropology,,,
Elasmobranchology (MORE NEW SHARK STORIES) with MISS_Elasmo Shark Scientists,7/16/2021,1585423,26.42,Elasmobranchology,0,0,0,FNS,Biology,NA,,,
Selachimorphology (SHARKS) Encore with Chris Lowe,7/13/2021,4674795,77.91,Selachimorphology,0,1,0,FNS,Biology,NA,,,
Matrimoniology (MARRIAGE) Encore with Ben Karney,7/6/2021,5664104,94.40,Matrimoniology,0,1,0,ASS,Sociology,Psychology,,,
UFOlogy (UNEXPLAINED AERIAL PHENOMENA) with Sarah Scoles and Kate Dorsch,6/29/2021,4227709,70.46,UFOlogy,0,0,0,FNS,Sociology,Psychology,,,
Spheksology (WASPS) with Eric Eaton,6/22/2021,4309577,71.83,Spheksology,0,0,0,FNS,Biology,NA,,,
"Quarantinology (UM, WHAT HAPPENS NOW?) with Various Ologists",6/15/2021,4585456,76.42,Quarantinology,0,0,0,ASS,Jurisprudence,NA,,,
Wildlife Ecology (FIELDWORK) with Corina Newsome,6/8/2021,4532035,75.53,Ecology,0,0,0,FNS,Biology,NA,,,
Phallology (PENISES) with Emily Willingham,6/1/2021,4304117,71.74,Phallology,0,0,0,FNS,Biology,Psychology,,,
Pinnipedology (SEALS & WALRUSES) with Luis A. Hückstädt,5/25/2021,4428199,73.80,Pinnipedology,0,0,0,FNS,Biology,NA,,,
Bonus Feed Drop: Implicit Bias on the REAL GOOD podcast,5/22/2021,3633946,60.57,NA,0,0,0,NA,NA,NA,,,
"Foraging Ecology (EATING WILD PLANTS) with @BlackForager, Alexis Nikole Nelson",5/18/2021,4980114,83.00,Ecology,0,0,0,FSS,Agricultural science,Biology,,,
Biomineralogy (SHELLS) with Robert Ulrich,5/12/2021,3801312,63.36,Biomineralogy,0,0,0,FNS,Biology,NA,,,
Speech Language Pathology (TALKING DOGS... AND PEOPLE) with Christina Hunger,5/4/2021,4322403,72.04,Pathology,0,0,0,FSS,Psychology,NA,,,
Maritime Archaeology (SHIPWRECKS) with Chanelle Zaphiropoulos,4/27/2021,5798948,96.65,Archaeology,0,0,0,FSS,Anthropology,NA,,,
Proptology (THEATER & FILM PROPS) with Jay Duckworth,4/21/2021,4537939,75.63,Proptology,0,0,0,ANS,Art,Engineering,,,
"Ursinology Part 2 (BEARS) with Thea Bechshoft, Lana Ciarniello, Drew Hamilton, Wes Larson, Tsalani Lassiter & Danielle Rivet",4/14/2021,5624502,93.74,Ursinology,0,0,1,FNS,Biology,NA,,,
Ursinology (BEARS) with Chris Morgan,4/7/2021,5384359,89.74,Ursinology,0,0,0,FNS,Biology,NA,,,
Oology (EGGS) Encore + Bonus Material with John Bates,3/30/2021,4018808,66.98,Oology,0,1,0,FNS,Biology,NA,,,
Fanthropology Pt. 2 (FANDOM) with Meredith Levine,3/23/2021,2832248,47.20,Fanthropology,0,0,0,FSS,Sociology,Psychology,,,
Fanthropology (FANDOM) with Meredith Levine,3/16/2021,3620728,60.35,Fanthropology,0,0,0,FSS,Sociology,Psychology,,,
Nephrology (KIDNEYS) with Samira Farouk,3/9/2021,4970553,82.84,Nephrology,0,0,0,FNS,Biology,Medicine,,,
Cicadology (CICADAS) with Gene Kritsky,3/3/2021,4295418,71.59,Cicadology,0,0,0,FNS,Biology,NA,,,
Gluteology (BUTTS) with Natalia Reagan,2/23/2021,3907683,65.13,Gluteology,0,0,0,FNS,Biology,NA,,,
Molecular Biology (PROTEINS + SCIENCE COMMUNICATION) with Raven “The Science Maven” Baxter,2/16/2021,4472032,74.53,Biology,0,0,0,FNS,Biology,Chemistry,,,
Carobology (NOT-CHOCOLATE TREES) with Megan Lynch,2/10/2021,4801462,80.02,Carobology,0,0,0,FNS,Biology,NA,,,
Economic Sociology Pt. 2 (MONEY/FREAKONOMICS) with Steven Levitt and Anna Gifty Opoku-Agyeman,2/2/2021,3277897,54.63,Sociology,0,0,0,ASS,Economics,NA,,,
Economic Sociology Pt. 1 (MONEY/FREAKONOMICS) with Anna Gifty Opoku-Agyeman and Steven Levitt,1/26/2021,4706194,78.44,Sociology,0,0,0,ASS,Economics,NA,,,
Bilharziology (BLOOD FLUKES) with Anouk N. Gouvras,1/19/2021,2942145,49.04,Bilharziology,0,0,0,FNS,Biology,NA,,,
Urban Rodentology (SEWER RATS) with Bobby Corrigan,1/12/2021,4710112,78.50,Rodentology,0,0,0,FNS,Biology,Anthropology,,,
Vaccine Infodemiology (COVID-19 IMMUNITY) with Jessica Malaty Rivera,1/5/2021,5756525,95.94,Infodemiology,0,0,0,FNS,Medicine,Biology,,,
Part 2: Dendrology (TREES) with Casey Clapp -- UPDATES + NEW INTERVIEW,12/29/2020,1421217,23.69,Dendrology,0,0,1,FNS,Biology,Agricultural sciences,,,
Part 1: Dendrology (TREES) with Casey Clapp -- Encore,12/29/2020,5411186,90.19,Dendrology,0,1,0,FNS,Biology,Agricultural sciences,,,
Scorpiology (SCORPIONS) with Lauren Esposito: Encore Presentation,12/22/2020,4427676,73.79,Scorpiology,0,1,0,FNS,Biology,NA,,,
Garology (LONG CUTE ANCIENT PATIENT BOOPABLE NIGHTMARE FISH) with Solomon David,12/15/2020,4410253,73.50,Garology,0,0,0,FNS,Biology,NA,,,
Space Archaeology (SPACE JUNK) with Alice Gorman,12/8/2020,4620695,77.01,Archaeology,0,0,0,FSS,Anthropology,Astronomy,,,
Alligator Ecotoxicology (GATOR POISONS) with Laura Kojima,12/1/2020,5058246,84.30,Ecotoxicology,0,0,0,FNS,Biology,Chemistry,,,
Awesomeology (GRATITUDE) with Neil Pasricha,11/24/2020,5183346,86.39,Awesomeology,0,0,0,FSS,Psychology,Pedagogy,,,
Biological Anthropology (APE SEX) with Lara Durgavich,11/17/2020,4995239,83.25,Anthropology,0,0,0,FSS,Anthropology,Biology,,,
Indigenous Fashionology (NATIVE CLOTHING) with Riley Kucheran,11/11/2020,4309185,71.82,Fashionology,0,0,0,FSS,Anthropology,Art,,,
Pedagogology (SCIENCE COMMUNICATION) with Bill Nye,11/3/2020,4347010,72.45,Pedagogology,0,0,0,ASS,Pedagogy,NA,,,
Cucurbitology (PUMPKINS) Encore with Anne Copeland,10/28/2020,3692434,61.54,Cucurbitology,0,1,0,ANS,Agricultural science,Biology,,,
Desairology (MORTUARY MAKE-UP) with Monica Torres,10/27/2020,4028238,67.14,Desairology,0,0,0,ASS,Anthropology,Art,,,
Anthropodermic Biocodicology (HUMAN LEATHER BOOKS) with Megan Rosenbloom & Daniel Kirby,10/21/2020,4555807,75.93,Biocodicology,0,0,0,FSS,Anthropology,Art,,,
Forest Entomology (CREEPY CRAWLIES) with Kristen Wickert,10/13/2020,4502177,75.04,Entomology,0,0,0,FNS,Biology,NA,,,
Condorology (CONDORS & VULTURES) with Jonathan C. Hall,10/7/2020,4695640,78.26,Condorology,0,0,0,FNS,Biology,NA,,,
Political Sociology (VOTER TURNOUT & SUPPRESSION) with Mindy Romero,9/30/2020,4450403,74.17,Sociology,0,0,0,FSS,Political science,Jurisprudence,,,
Fulminology (LIGHTNING) with Chris Giesige,9/23/2020,5373309,89.56,Fulminology,0,0,0,FNS,Earth science,Physics,,,
Mammalogy (MAMMALS) with Danielle N. Lee,9/15/2020,4297456,71.62,Mammalogy,0,0,0,FNS,Biology,NA,,,
Cervidology Part 2 (DEER) with Rhiannons Jakopak & Kirton,9/8/2020,3987696,66.46,Cervidology,0,0,1,FNS,Biology,NA,,,
Cervidology (DEER) Part 1 with Rhiannons Kirton & Jakopak,9/2/2020,3040130,50.67,Cervidology,0,0,0,FNS,Biology,NA,,,
Dasyurology (TASMANIAN DEVILS) with Jarrah Dale,8/25/2020,4024320,67.07,Dasyurology,0,0,0,FNS,Biology,NA,,,
Oceanology (THE OCEAN) with Ayana Johnson: Encore Presentation,8/18/2020,4865985,81.10,Oceanology,0,1,0,FNS,Earth science,NA,,,
Experimental Archaeology (OLD TOOLS/ATLATLS) with Angelo Robledo,8/11/2020,6305724,105.10,Archaeology,0,0,0,FSS,Anthropology,NA,,,
Toxinology (JELLYFISH VENOM) with Anna Klompen,8/4/2020,4435017,73.92,Toxinology,0,0,0,FNS,Biology,Chemistry,,,
Medusology (JELLYFISH) with Rebecca Helm,7/30/2020,5436682,90.61,Medusology,0,0,0,FNS,Biology,NA,,,
Minisode: Listeners Interview Alie,7/23/2020,2121639,35.36,NA,0,0,0,NA,NA,NA,,,
Aperiology (MACRO PHOTOGRAPHY) with Joseph Saunders,7/15/2020,5043748,84.06,Aperiology,0,0,0,ASS,Art,Biology,,,
Agnotology (IGNORANCE) with Robert Proctor,7/8/2020,4097854,68.30,Agnotology,0,0,0,FSS,Psychology,NA,,,
Bryology (MOSS) with Dr. Robin Wall Kimmerer,6/30/2020,4388519,73.14,Bryology,0,0,0,FNS,Biology,NA,,,
Neuroendocrinology (SEX & GENDER) Part 2 with Daniel Pfau,6/23/2020,3414804,56.91,Neuroendocrinology,0,0,1,FNS,Biology,Sociology,,,
Neuroendocrinology (SEX & GENDER) Part 1 with Daniel Pfau,6/16/2020,4196884,69.95,Neuroendocrinology,0,0,0,FNS,Biology,Sociology,,,
Very Special Episode: BlackAFinSTEM with various Ologists,6/10/2020,4182439,69.71,NA,0,0,0,NA,NA,NA,,,
Pelicanology (PELICANS) with Juita Martinez,6/4/2020,4093805,68.23,Pelicanology,0,0,0,FNS,Biology,NA,,,
Oikology (DECLUTTERING) with Jamie & Filip Hord + Joe Ferrari,5/26/2020,5589916,93.17,Oikology,0,0,0,FSS,Psychology,NA,,,
"Planariology (VERY COOL WORMS, I PROMISE) with Oné Pagán",5/20/2020,3658840,60.98,Planariology,0,0,0,FNS,Biology,NA,,,
Coronasode: Virology Update (COVID-19) with Shannon Bennett & Mike Natter,5/12/2020,4132388,68.87,Virology,0,0,0,FNS,Biology,Medicine,,,
Architectural Technology (COMPUTER PROGRAMMING) with Iddris Sandu,5/5/2020,4278256,71.30,Technology,0,0,0,AFS,Computer science,Engineering,,,
Nassology (TAXIDERMY) with Allis Markham,4/28/2020,5504313,91.74,Nassology,0,0,0,ANS,Agricultural science,Biology,,,
Penguinology (PENGUINS) with Tom Hart,4/21/2020,3525773,58.76,Penguinology,0,0,0,FNS,Biology,NA,,,
Gastroegyptology (BREAD BAKING) with Seamus Blackley,4/14/2020,5273547,87.89,Gastroegyptology,0,0,0,FSS,Anthropology,Chemistry,,,
Philematology (KISSING) with Robin Dunbar,4/7/2020,3961338,66.02,Philematology,0,0,0,FSS,Anthropology,Psychology,,,
Plumology (FEATHERS) with Allison Shultz,3/31/2020,4797779,79.96,Plumology,0,0,0,FNS,Biology,NA,,,
Lepidopterology (BUTTERFLIES & MOTHS) — Encore Presentation with Phil Torres,3/25/2020,4815124,80.25,Lepidopterology,0,1,0,FNS,Biology,NA,,,
Coronasode: All (Washed) Hands on Deck -- How to Help Yourself & Others Right Now with Dr. Michael F. Wells,3/22/2020,3949322,65.82,NA,0,0,0,NA,NA,NA,,,
Veterinary Biology (CRITTER FIXING) with Dr. Vernard Hodges & Dr. Terrence Ferguson,3/18/2020,3867924,64.47,Biology,0,0,0,ANS,Medicine,Biology,,,
Coronasode: Virology (COVID-19) with Dr. Shannon Bennett + various ologists,3/10/2020,5011252,83.52,Virology,0,0,0,FNS,Biology,Medicine,,,
Scatology (POOP) with Rachel Santymire,3/3/2020,3973982,66.23,Scatology,0,0,0,FNS,Biology,NA,,,
Volitional Psychology (PROCRASTINATION) with Dr. Joseph R. Ferrari,2/25/2020,3956114,65.94,Psychology,0,0,0,FSS,Psychology,NA,,,
Cryoseismology (ICEQUAKES) with Celeste Labedz,2/18/2020,3449182,57.49,Cryoseismology,0,0,0,FNS,Earth science,Physics,,,
Genealogy (FAMILY TREES) with Stephen Hanks,2/11/2020,4104672,68.41,Genealogy,0,0,0,FSS,Anthropology,NA,,,
Nephology (CLOUDS) with Rachel Storer,2/4/2020,3414386,56.91,Nephology,0,0,0,FNS,Earth science,NA,,,
"Diabetology (BLOOD SUGAR) Part 2 with Dr. Mike Natter, MD",1/28/2020,4813296,80.22,Diabetology,0,0,1,FNS,Biology,Medicine,,,
"Diabetology (BLOOD SUGAR) Part 1 with Dr. Mike Natter, MD",1/21/2020,3558191,59.30,Diabetology,0,0,0,FNS,Biology,Medicine,,,
Bisonology (BUFFALO) with various bisonologists,1/15/2020,5548643,92.48,Bisonology,0,0,0,FNS,Biology,NA,,,
Futurology (THE FUTURE) with Rose Eveleth,1/7/2020,5316022,88.60,Futurology,0,0,0,ANS,Engineering,Anthropology,,,
Fearology Pt. 2 (FEAR) with Mary Poffenroth -- Encore Presentation,12/31/2019,3482697,58.04,Fearology,0,1,0,FSS,Psychology,Biology,,,
Fearology Pt. 1 (FEAR) with Mary Poffenroth -- Encore Presentation,12/24/2019,4401371,73.36,Fearology,0,1,0,FSS,Psychology,Biology,,,
Audiobook Mixtape: Gift Ideas from the Ologists’ Brains,12/18/2019,3412427,56.87,NA,0,0,0,NA,NA,NA,,,
Chronobiology (CIRCADIAN RHYTHMS) with Katherine Hatcher,12/10/2019,4353462,72.56,Chronobiology,0,0,0,FNS,Biology,NA,,,
Phonology (LINGUISTICS) with Nicole Holliday — Encore Presentation,12/3/2019,3886863,64.78,Phonology,0,1,0,ASS,Pedagogy,Anthropology,,,
Quantum Ontology (WHAT IS REAL?) with Adam Becker,11/26/2019,4756924,79.28,Ontology,0,0,0,FFS,Logic,Physics,,,
Lupinology (WOLVES) with Bridgett vonHoldt,11/19/2019,4577933,76.30,Lupinology,0,0,0,FNS,Biology,NA,,,
Molecular Neurobiology (BRAIN CHEMICALS) with Crystal Dilworth,11/12/2019,5237995,87.30,Neurobiology,0,0,0,FNS,Biology,Chemistry,,,
Chiropterology Part 2 (BATS) with Merlin Tuttle,11/5/2019,3714847,61.91,Chiropterology,0,0,1,FNS,Biology,NA,,,
Chiropterology (BATS) Part 1 with Merlin Tuttle,10/29/2019,6044133,100.74,Chiropterology,0,0,0,FNS,Biology,NA,,,
Demonology (EVIL SPIRITS) with Alyssa Beall,10/23/2019,4384130,73.07,Demonology,0,0,0,FSS,Anthropology,Sociology,,,
Spidroinology (SPIDERWEBS) with Randy Lewis,10/15/2019,4327627,72.13,Spidroinology,0,0,0,FNS,Biology,Engineering,,,
Cucurbitology (PUMPKINS) with Anne Copeland,10/8/2019,3636453,60.61,Cucurbitology,0,0,0,ANS,Agricultural science,Biology,,,
Osteology (SKELETONS/BODY FARMS) with Daniel Wescott,10/2/2019,4726465,78.77,Osteology,0,0,0,FNS,Biology,Anthropology,,,
Phenology (FALL/SEASONS) with Libby Ellwood,9/24/2019,5110125,85.17,Phenology,0,0,0,FNS,Earth science,Anthropology,,,
Potterology Part 2 (WIZARD SCIENCE) with Rebecca Lai,9/17/2019,2900506,48.34,Potterology,0,0,1,FNS,Chemistry,Art,,,
Potterology Part 1 (WIZARD SCIENCE) with Rebecca Lai,9/10/2019,4330501,72.18,Potterology,0,0,0,FNS,Chemistry,Art,,,
Vexillology (FLAGS) with E. Tory Laitila,9/3/2019,4723121,78.72,Vexillology,0,0,0,FSS,Anthropology,Art,,,
Paleontology (DINOSAURS) Encore Presentation with Michael Habib,8/28/2019,3114109,51.90,Paleontology,0,1,0,FNS,Biology,NA,,,
Disasterology (DISASTERS) with Samantha Montano,8/21/2019,5197923,86.63,Disasterology,0,0,0,FSS,Sociology,Jurisprudence,,,
100th Episode: Best Life Advice from Ologists + 100 More Ologies,8/14/2019,1445355,24.09,NA,0,0,0,NA,NA,NA,,,
Saurology (LIZARDS) with Earyn McGee,8/6/2019,4064888,67.75,Saurology,0,0,0,FNS,Biology,NA,,,
Graphology (HANDWRITING/FORGERY) with Sylvia Kessler,7/31/2019,3809593,63.49,Graphology,0,0,0,FSS,Anthropology,NA,,,
Cnidariology (CORAL) with Shayle Matsuda,7/25/2019,4891297,81.52,Cnidariology,0,0,0,FNS,Biology,NA,,,
Disinfectiology (BLEACH) with Evan Rumberger,7/16/2019,3120640,52.01,Disinfectiology,0,0,0,FNS,Chemistry,Biology,,,
Nomology Part 2: (THE CONSTITUTION): Let's read the whole friggin thing.,7/10/2019,4840933,80.68,Nomology,0,0,1,ASS,Jurisprudence,Political science,,,
Nomology (THE CONSTITUTION) with Franita Tolson,7/2/2019,5419258,90.32,Nomology,0,0,0,ASS,Jurisprudence,Political science,,,
Cabinology (CABINS) with Dale Mulfinger,6/25/2019,3545808,59.10,Cabinology,0,0,0,ANS,Engineering,Anthropology,,,
Disease Ecology (LYME/TICK-BORNE ILLNESSES) with Andrea Swei,6/18/2019,4374857,72.91,Ecology,0,0,0,FNS,Biology,Medicine,,,
Island Ecology (ISLANDS) with Andy Kraemer,6/11/2019,2911033,48.52,Ecology,0,0,0,FNS,Earth science,Sociology,,,
Acarology (TICKS) with Neeta Pardanani Connally,6/5/2019,4797126,79.95,Acarology,0,0,0,FNS,Biology,NA,,,
Psychological Traumatology (PTSD & STRESS) with Nicholas Barr,5/28/2019,5301002,88.35,Traumatology,0,0,0,FSS,Psychology,NA,,,
Behavioral Ecology (REPRODUCTIVE TRADEOFFS) with Amy Worthington,5/21/2019,2864457,47.74,Ecology,0,0,0,FSS,Anthropology,Biology,,,
"BONUS Minisode: Preview of  Alie on Bill Nye's ""Science Rules!""",5/16/2019,671320,11.19,NA,0,0,0,NA,NA,NA,,,
Mycology (MUSHROOMS) with Tom Volk,5/14/2019,4582269,76.37,Mycology,0,0,0,FNS,Biology,NA,,,
Bufology (TOADS) with Priya Nanjappa,5/7/2019,4146128,69.10,Bufology,0,0,0,FNS,Biology,NA,,,
Minisode: All of My Secret Travel Trips + Some Updates,4/30/2019,1178827,19.65,NA,0,0,0,NA,NA,NA,,,
Addictionology (ADDICTION) with Erin Parisi,4/23/2019,5490834,91.51,Addictionology,0,0,0,FSS,Psychology,Sociology,,,
Hagfishology (HAGFISH) with Tim Winegard,4/16/2019,4402128,73.37,Hagfishology,0,0,0,FNS,Biology,NA,,,
Scorpiology (SCORPIONS) with Lauren Esposito,4/9/2019,4143124,69.05,Scorpiology,0,0,0,FNS,Biology,NA,,,
FIELD TRIP:  How to Change Your Life via the Natural History Museum of LA,4/2/2019,2145306,35.76,NA,0,0,0,NA,NA,NA,,,
Victimology (CRIME VICTIMS) with Callie Rennison,3/26/2019,5418109,90.30,Victimology,0,0,0,ASS,Jurisprudence,Sociology,,,
Astrobiology (ALIENS) with Kevin Peter Hand,3/19/2019,4963186,82.72,Astrobiology,0,0,0,FNS,Biology,Astronomy,,,
Ludology (VIDEO GAMES) with Jane McGonigal,3/12/2019,4616986,76.95,Ludology,0,0,0,FSS,Anthropology,Computer science,,,
Etymology (WORD ORIGINS) with Helen Zaltzman of The Allusionist Podcast,3/5/2019,3618899,60.31,Etymology,0,0,0,ASS,Pedagogy,NA,,,
Thermophysiology (BODY HEAT) with Shane Campbell-Staton,2/26/2019,5033168,83.89,Thermophysiology,0,0,0,FNS,Biology,Physics,,,
Personality Psychology (PERSONALITIES) with Simine Vazire,2/19/2019,4639634,77.33,Psychology,0,0,0,FSS,Psychology,NA,,,
Matrimoniology (MARRIAGE) with Ben Karney,2/12/2019,5546109,92.44,Matrimoniology,0,0,0,FSS,Sociology,Psychology,,,
Biogerontology (AGING) with Caleb Finch,2/5/2019,3109799,51.83,Biogerontology,0,0,0,FNS,Biology,Medicine,,,
Cheloniology (SEA TURTLES) with Camryn Allen,1/29/2019,5045289,84.09,Cheloniology,0,0,0,FNS,Biology,NA,,,
Testudinology (TORTOISES) with Amanda Hipps,1/22/2019,4362083,72.70,Testudinology,0,0,0,FNS,Biology,NA,,,
Snow Hydrology (SNOW & AVALANCHES) with Ned Bair,1/15/2019,3513573,58.56,Hydrology,0,0,0,FNS,Earth science,NA,,,
Minisode: Ologies Upgrades & Changes for 2019,1/8/2019,494341,8.24,NA,0,0,0,NA,NA,NA,,,
Felinology (CATS) with Mikel Delgado,1/8/2019,5074703,84.58,Felinology,0,0,0,FNS,Biology,NA,,,
Entomophagy Anthropology (EATING BUGS AS SUSTAINABLE PROTEIN) with Julie Lesnik,1/1/2019,4929880,82.16,Anthropology,0,0,0,FSS,Anthropology,Biology,,,
Ornithology (BIRDS) Encore Presentation with James Maley,12/25/2018,3316480,55.27,Ornithology,0,1,0,FNS,Biology,NA,,,
Mixology (COCKTAILS) with Matthew Biancaniello,12/18/2018,4191869,69.86,Mixology,0,0,0,ANS,Art,Agricultural sciences,,,
Selenology (THE MOON) with Raquel Nuno,12/11/2018,4922253,82.04,Selenology,0,0,0,FNS,Astronomy,Earth science,,,
Classical Archaeology (ANCIENT ROME) with Darius Arya,12/4/2018,4369031,72.82,Archaeology,0,0,0,FSS,Anthropology,NA,,,
Microbiology (GUT BIOME) with Elaine Hsiao,11/27/2018,4651415,77.52,Microbiology,0,0,0,FNS,Biology,Medicine,,,
Grateful-ology (GRATITUDE) is not totally a real word,11/20/2018,940277,15.67,ology,0,0,0,FSS,Psychology,NA,,,
Food Anthropology (FEASTS) with Katherine Spiers,11/13/2018,4384608,73.08,Anthropology,0,0,0,FSS,Anthropology,Agricultural sciences,,,
Eschatology (THE APOCALYPSE) with Phil Torres,11/6/2018,4083304,68.06,Eschatology,0,0,0,FSS,Anthropology,NA,,,
Corvid Thanatology (CROW FUNERALS) with Kaeli Swift,10/30/2018,4423366,73.72,Thanatology,0,0,0,FNS,Biology,NA,,,
Somnology (SLEEP) Part 2 with Dr. W. Chris Winter,10/23/2018,4234814,70.58,Somnology,0,0,1,FNS,Biology,Medicine,,,
Somnology (SLEEP) Part 1 with W. Chris Winter,10/16/2018,4426736,73.78,Somnology,0,0,0,FNS,Biology,Medicine,,,
Surgical Oncology (BREAST CANCER) with Donna-Marie Manasseh,10/9/2018,4977946,82.97,Oncology,0,0,0,ANS,Medicine,Biology,,,
Ologiesology with Alie Ward (1-Year Anniversary Episode),10/5/2018,4041273,67.35,Ologiesology,0,0,0,NA,NA,NA,,,
Functional Morphology (ANATOMY) with Joy Reidenberg,10/2/2018,4344946,72.42,Morphology,0,0,0,FNS,Biology,Medicine,,,
Myrmecology (ANTS) with Terry McGlynn,9/25/2018,4984685,83.08,Myrmecology,0,0,0,FNS,Biology,NA,,,
Egyptology (ANCIENT EGYPT) with Kara Cooney,9/18/2018,4885603,81.43,Egyptology,0,0,0,FSS,Anthropology,NA,,,
Conservation Technology (EARTH SAVING) with Shah Selbe,9/11/2018,5049704,84.16,Technology,0,0,0,ANS,Engineering,NA,,,
Oceanology (OCEANS) with Ayana Johnson,9/4/2018,4574328,76.24,Oceanology,0,0,0,FNS,Earth science,NA,,,
Ferroequinology (TRAINS) with Matt Anderson,8/28/2018,3860009,64.33,Ferroequinology,0,0,0,ANS,Engineering,NA,,,
Bonus Minisode: Kalology -- Your Letters,8/21/2018,2621884,43.70,Kalology,0,0,0,NA,NA,NA,,,
Kalology (BEAUTY STANDARDS) with Renee Engeln,8/21/2018,5933792,98.90,Kalology,0,0,0,FSS,Anthropology,NA,,,
Oology (EGGS) with John Bates,8/14/2018,3494373,58.24,Oology,0,0,0,FNS,Biology,NA,,,
Ophthalmology (EYES) with Reid Wainess,8/7/2018,5017678,83.63,Ophthalmology,0,0,0,ANS,Medicine,Biology,,,
Epidemiology (DISEASES) with 'This Podcast Will Kill You's' Erins Welsh & Allmann-Updyke,7/31/2018,5428871,90.48,Epidemiology,0,0,0,AFS,Statistics,Medicine,,,
Selachimorphology (SHARKS) with Chris Lowe,7/24/2018,4600868,76.68,Selachimorphology,0,0,0,FNS,Biology,NA,,,
Malacology (SNAILS & SLUGS) with Jann Vendetti,7/17/2018,4223425,70.39,Malacology,0,0,0,FNS,Biology,NA,,,
Areology (MARS) Part 2 with Jennifer Buz,7/10/2018,3377319,56.29,Areology,0,0,1,FNS,Astronomy,Earth science,,,
Areology (MARS) Part 1 with Jennifer Buz,7/3/2018,4014080,66.90,Areology,0,0,0,FNS,Astronomy,Earth science,,,
MINISODE: Aestaology (SUMMER) should be a word,6/26/2018,1285616,21.43,Aestaology,0,0,0,NA,NA,NA,,,
Deltiology  (POSTCARDS) with Donna Braden,6/19/2018,3301302,55.02,Deltiology,0,0,0,FSS,Anthropology,NA,,,
Rhinology (NOSES) with John Craig,6/12/2018,4163839,69.40,Rhinology,0,0,0,ANS,Medicine,Biology,,,
Phonology (LINGUISTICS) with Nicole Holliday,6/5/2018,3793737,63.23,Phonology,0,0,0,ASS,Pedagogy,Anthropology,,,
Cynology (DOGS) with Brandon McMillan,5/29/2018,4597995,76.63,Cynology,0,0,0,FNS,Biology,NA,,,
Lepidopterology (BUTTERFLIES) with Phil Torres,5/22/2018,4781609,79.69,Lepidopterology,0,0,0,FNS,Biology,NA,,,
Trichology (HAIR) with Valerie Horsley,5/15/2018,4694465,78.24,Trichology,0,0,0,FNS,Biology,Anthropology,,,
Dendrology (TREES) with J. Casey Clapp,5/8/2018,5350635,89.18,Dendrology,0,0,0,FNS,Biology,Agricultural sciences,,,
Fearology Pt. 2 (FEAR) with Mary Poffenroth,5/1/2018,3540009,59.00,Fearology,0,0,0,FSS,Psychology,NA,,,
Fearology Pt. 1 (FEAR) with Mary Poffenroth,4/24/2018,4429792,73.83,Fearology,0,0,0,FSS,Psychology,NA,,,
Radiology (X-RAY VISION) with Varshana Gurusamy,4/17/2018,4213446,70.22,Radiology,0,0,0,ANS,Medicine,Physics,,,
Evolutionary Biology (DARWINISM) with John McCormack,4/10/2018,3663072,61.05,Biology,0,0,0,FNS,Biology,NA,,,
Gynecology (NETHER HEALTH) with Philippa Ribbink,4/3/2018,4871706,81.20,Gynecology,0,0,0,ANS,Medicine,Biology,,,
Zymology (BEER) with Quinton Sturgeon,3/27/2018,3217293,53.62,Zymology,0,0,0,ANS,Agricultural science,Chemistry,,,
Melittology (BEES) with Amanda Shaw,3/20/2018,4483108,74.72,Melittology,0,0,0,FNS,Biology,NA,,,
Museology (MUSEUMS) with Ronnie Cline,3/13/2018,3585358,59.76,Museology,0,0,0,ASS,Pedagogy,Anthropology,,,
Gizmology (ROBOTS) with Simone Giertz,3/6/2018,2040790,34.01,Gizmology,0,0,0,ANS,Engineering,Art,,,
Mythology (STORYTELLING) with John Bucher,2/27/2018,4379898,73.00,Mythology,0,0,0,FSS,Anthropology,Pedagogy,,,
Teuthology (SQUIDS) with Sarah McAnulty,2/20/2018,3494138,58.24,Teuthology,0,0,0,FNS,Biology,NA,,,
Sexology (SEX) with Shan Boody  aka Shannon Boodram,2/13/2018,4335072,72.25,Sexology,0,0,0,FSS,Psychology,Biology,,,
Gelotology (LAUGHTER) with Lee Berk,2/6/2018,3310942,55.18,Gelotology,0,0,0,FSS,Psychology,Biology,,,
Ichthyology (FISHES) with Chris Thacker,1/30/2018,4019513,66.99,Ichthyology,0,0,0,FNS,Biology,NA,,,
"Herpetology (SNAKES, FROGS, ETC.) with David Steen",1/23/2018,4258037,70.97,Herpetology,0,0,0,FNS,Biology,NA,,,
Sports & Performance Psychology (ANXIETY & CONFIDENCE) with Sari Shepphird,1/16/2018,4874004,81.23,Psychology,0,0,0,FSS,Psychology,NA,,,
Hematology (BLOOD) with Brian Durie,1/9/2018,2899095,48.32,Hematology,0,0,0,FNS,Medicine,Biology,,,
Glycobiology (CARBS) with Michelle Dookwah,1/3/2018,2742804,45.71,Glycobiology,0,0,0,FNS,Biology,Chemistry,,,
Cosmology PART 2 with Katie Mack,12/19/2017,2258912,37.65,Cosmology,0,0,1,FNS,Astronomy,Physics,,,
"Cosmology (THE UNIVERSE) with Katie Mack, Part I",12/12/2017,5476336,91.27,Cosmology,0,0,0,FNS,Astronomy,Physics,,,
Entomology (INSECTS) with Lila Higgins,12/5/2017,3387533,56.46,Entomology,0,0,0,FNS,Biology,NA,,,
Minisode: Grateful-ology is not a real word...,11/22/2017,908120,15.14,ology,0,0,0,NA,NA,NA,,,
Cosmetology (GLAM/GROOMING) with Alysha Sherri Marcantonio,11/14/2017,4162168,69.37,Cosmetology,0,0,0,FSS,Art,Anthropology,,,
Ornithology (BIRDS) with James Maley,11/7/2017,3264052,54.40,Ornithology,0,0,0,FNS,Biology,NA,,,
Thanatology (DEATH & DYING) with Cole Imperi,10/31/2017,4996336,83.27,Thanatology,0,0,0,FSS,Anthropology,Biology,,,
Minisode: Fall Ologies! ... Fallogies?,10/24/2017,496248,8.27,NA,0,0,0,NA,NA,NA,,,
Horology (WATCHES) with Cameron Weiss,10/18/2017,2420114,40.34,Horology,0,0,0,ANS,Engineering,Art,,,
Gemology (CRYSTALS & GEMS) with Kelly Sitek,10/10/2017,3360313,56.01,Gemology,0,0,0,FNS,Earth science,NA,,,
Paleontology (DINOSAURS) with Michael Habib,10/4/2017,2884022,48.07,Paleontology,0,0,0,FNS,Biology,NA,,,
Primatology (MONKEYS & APES) with Kate Gilmore,9/26/2017,4557897,75.96,Primatology,0,0,0,FNS,Biology,NA,,,
Volcanology (VOLCANOES) with Jess Phoenix,9/19/2017,3421335,57.02,Volcanology,0,0,0,FNS,Earth science,NA,,,
Episode 0,9/4/2017,275931,4.60,NA,0,0,0,NA,NA,NA,,,